loss,accuracy,AUC ROC
0.11430701613426208,0.9675271511077881,0.9674842034858094
0.6835529804229736,0.8288801312446594,0.8014890387425398
1.4587682485580444,0.5627033114433289,0.5
